"Title","First Name","Surname","RegNum","Assignment 1","Assignment 2","Assignment 3","Address"
"Miss","Jane","Brown",1234567891,75,84,80,"Flat 1a\\The Street\\The Town"
"Mr","John","Smith, Jr",1234567892,68,57,72,"Flat 1b\\The Street\\The Town"
"Mr","Zack","Watts",1234567893,32,43,49,"Flat 1c\\The Street\\The Town"
"Mrs","Hillary","Rix",1234567894,87,88,86,"Flat 1d\\The Street\\The Town"
"Miss","Z\""oe","Adams",1234567895,52,48,57,"Flat 1e\\The Street\\The Town"
"Mr","Andy","Brown",1234567896,42,52,54,"Flat 1f\\The Street\\The Town"
